{
  "imputer_means": [3.0, 1.0, 28.0, 0.0, 0.0, 14.4542],
  "scaler_means":  [2.3418940609951844, 0.6581059390048154, 29.006292134831458, 0.5762439807383628, 0.3868378812199037, 31.840729534510434],
  "scaler_stds":   [0.819286544150093, 0.4743442969525465, 13.026014502831627, 1.2152907630307033, 0.8070437011186284, 50.98640226138284]
}
